topo,maxbond,value
QTT_Seq,3,0.5581223917378538
QTT_Seq,6,0.0010400165878518748
QTT_Seq,9,8.087497633621445e-8
BTTN,3,0.7961304545523322
BTTN,6,0.057289504935717474
BTTN,9,0.0009460811047443187
CTTN,3,0.5619514356880068
CTTN,6,0.0011600150221967042
CTTN,9,8.261894227096222e-8
QTT_Int,3,0.5953762978175223
QTT_Int,6,0.0010554825197416785
QTT_Int,9,7.672783233801487e-8
